repo_full_name,repo_default_branch,file_path,nb_ok_parse,kernel_name,language,python_version_declared,exec_ok,error,exc_name,failed_cell_index,elapsed_s,original_found,outputs_equal,outputs_hash_orig,outputs_hash_exec,n_outputs_orig,n_outputs_exec
Angelk119/DA2025_Lectures2,main,Mod1/M1L2-Numpy_STUDENT.ipynb,True,python3,python,3.12.9,False,ModuleNotFoundError,,,3.063,True,False,78aeb3a276ed24596fbcc257f4c4765d530d4066fd4a2d69badae5fbad30b5f7,,6,0
Angelk119/DA2025_Lectures2,main,Mod2/DataChallenges/Plotly_STUDENT.ipynb,True,python3,python,3.12.9,False,ModuleNotFoundError,,,1.542,True,False,d3e84a77101af5c8bb299710604b21be5e96d5f81b5ddb5644ecf5f11cc2bac7,,3,0
Angelk119/DA2025_Lectures2,main,Mod2/LiveLab_DataChallenges/Experiment.ipynb,True,python3,python,3.12.9,False,ModuleNotFoundError,,,1.349,True,False,4c93db1b2c083b49a9cede5d8ba9209d336c5563c4f84466eb8a1c9491eacb86,,2,0
Angelk119/DA2025_Lectures2,main,Mod2/LiveLab_DataChallenges/LiveLab_DataChallenge_MatplotlibSeaborn-STUDENT.ipynb,True,python3,python,3.12.9,False,ModuleNotFoundError,,,1.425,True,False,762e8b81d97a4f50c51aab8de1b9f7c726688085b2569b4d5d44849cdd26bbf7,,2,0
Angelk119/DA2025_Lectures2,main,Mod4_StatsReview/StatisticsReview_ANSWERS.ipynb,True,python3,python,3.12.4,False,ModuleNotFoundError,,,1.457,True,False,c30206279fe9259fb7e53eb191f2dd739f68d25659be75b04ebd5b0a6fd43788,,10,0
Angelk119/DA2025_Lectures2,main,Mod5/CodeAlongs/Mod5L1_CodeAlong_STUDENT.ipynb,True,python3,python,3.12.4,False,ModuleNotFoundError,,,1.339,True,False,e42fa52698b62d353000b5a4499f361d55467d42debb7b76bcc05d2d611690ac,,1,0
Angelk119/DA2025_Lectures2,main,Mod5/DataChallenges/notebooks/Mod5L1_DC1_STUDENT.ipynb,True,python3,python,3.12.9,False,ModuleNotFoundError,,,1.454,True,False,bd126d54c1ea109a193d430cc956800d164ea76ad67e9b801b4d21289de905c4,,8,0
Angelk119/DA2025_Lectures2,main,Mod5/DataChallenges/notebooks/Mod5L2_DC2_STUDENT.ipynb,True,python3,python,3.12.9,False,ModuleNotFoundError,,,1.34,True,False,f4bbd571cca9e713df93c317480f5f85244b80f6d233394cf4e400700d80732b,,7,0
Anndischeh/Deep-Learning-for-Image-Analysis-Coursework,main,App.ipynb,True,python3,python,3.12.9,True,,,,3.964,True,False,cc08d5f80078f67d52860ee75cd44061c8d50961ca135e0f2f15e4452cd4b28e,579fa97c796912eefd00d02dc8f21af577a4eb365dc16ce19c64a8dc51a18e11,4,4
Cuonghoangit/GeoMineralInsight,main,notebooks/EDA.ipynb,True,python3,python,3.12.0,False,DataSourceError,,,17.582,True,False,d3c5171cdacd17379558a04f9d2e5254cae1e190cf097ab945bd5ab635fbdacc,,14,0
DenOfEquity/ersatzForge,main,repositories/BLIP/demo.ipynb,True,python3,python,3.8.10,False,ModuleNotFoundError,,,4.229,True,False,c968aabe3ee7cc302ef1307e2521b533509eabe6d387ecf479a1ab82ee87db89,,8,0
Dhiraj832/Google-Play-Store-Data-Analytics,main,Internship Work.ipynb,True,python3,python,3.12.7,False,ModuleNotFoundError,,,2.562,False,,,,,0
ESA99/canopy_height,main,gchm/notebooks/example_loading_pretrained_models.ipynb,True,python3,python,3.10.9,False,ModuleNotFoundError,,,2.768,True,False,54f47e05b6bbc7d648278f985ebc2d4160704a14b22c630893e5fd1dd5ff0661,,5,0
EvanDramko/EvanDramko.github.io,master,markdown_generator/publications.ipynb,True,python3,python,3.6.1,False,ModuleNotFoundError,,,2.841,True,False,efd795a9ff9eff2d05daa9bb11c89b302a379ef1fa41e00367be3eb240114fe9,,4,0
EvanDramko/EvanDramko.github.io,master,markdown_generator/talks.ipynb,True,python3,python,3.6.1,False,ModuleNotFoundError,,,1.452,True,False,154a8074b939a8138fa3360a3f562547238169ac716f19751254f930715e1d85,,4,0
EvanDramko/EvanDramko.github.io,master,talkmap.ipynb,True,python3,python,3.5.2,False,ModuleNotFoundError,,,2.229,True,False,f61bccf314f50d12bfc10901b3674e3ac55b946219ce0afeb0e63bc1cbab1984,,3,0
FedeGiovannetti/Eco_bici_Ciudad_Universitaria,main,Notebook-prueba.pynb.ipynb,True,python3,python,3.12.0,False,ModuleNotFoundError,,,2.525,True,False,81762e7dcc97f330bccf7424a5701df7eff5d32d19664a9f8054287df72e4d93,,17,0
FedeleG/CARMINE-T2.4,main,Barcelona/Scripts/CIL_histo/Cdd.ipynb,True,python3,python,3.11.5,False,ModuleNotFoundError,,,2.665,True,False,e685b003e79e557da4caf001be2a90b990415b34cc2dd3b95f422a92d9212e76,,3,0
FedeleG/CARMINE-T2.4,main,Barcelona/Scripts/CIL_histo/Heatwave_length.ipynb,True,python3,python,3.11.5,False,ModuleNotFoundError,,,1.422,True,False,75c449327e9c6b59ba0dd469abf3c53a41cc432dcb75e7dadc1063f106584939,,4,0
FedeleG/CARMINE-T2.4,main,Barcelona/Scripts/CIL_histo/SPI3.ipynb,True,python3,python,3.11.5,False,ModuleNotFoundError,,,1.547,True,False,0d9f8f509c05e9de55ef4fe0db72e6bd50f7b25a91f2500492063abf7eada1ff,,6,0
FedeleG/CARMINE-T2.4,main,Barcelona/Scripts/CIL_histo/Txx.ipynb,True,python3,python,3.11.5,False,ModuleNotFoundError,,,1.464,True,False,dc5c780c2531f1e3b2da4bd5f4bd4fe5f34e53dae1af4f4bea73823693559d7c,,11,0
FedeleG/CARMINE-T2.4,main,Barcelona/Scripts/Chelsa_histo/Cdd.ipynb,True,python3,python,3.11.5,False,ModuleNotFoundError,,,1.456,True,False,e685b003e79e557da4caf001be2a90b990415b34cc2dd3b95f422a92d9212e76,,3,0
FedeleG/CARMINE-T2.4,main,Barcelona/Scripts/Chelsa_histo/Heatwave_length.ipynb,True,python3,python,3.11.5,False,ModuleNotFoundError,,,1.42,True,False,75c449327e9c6b59ba0dd469abf3c53a41cc432dcb75e7dadc1063f106584939,,4,0
FedeleG/CARMINE-T2.4,main,Barcelona/Scripts/Chelsa_histo/SPI3.ipynb,True,python3,python,3.11.5,False,ModuleNotFoundError,,,1.306,True,False,0d9f8f509c05e9de55ef4fe0db72e6bd50f7b25a91f2500492063abf7eada1ff,,6,0
FedeleG/CARMINE-T2.4,main,Barcelona/Scripts/Chelsa_histo/Txx.ipynb,True,python3,python,3.11.5,False,ModuleNotFoundError,,,1.572,True,False,dc5c780c2531f1e3b2da4bd5f4bd4fe5f34e53dae1af4f4bea73823693559d7c,,11,0
Gayara-Fernando/BPM,main,0_Prepocessing_density_maps.ipynb,True,python3,python,3.10.14,False,ModuleNotFoundError,,,2.801,True,False,eeb30b164d74234aa01a0d90579f7f9fee6480a772bc33f4919a2deaf5096271,,318,0
Gayara-Fernando/BPM,main,0_Preprocessing_features.ipynb,True,python3,python,3.11.7,False,ModuleNotFoundError,,,1.285,True,False,7495506230511d71514b3f78bb6d91295a4f48805ac14db711e573e9f19b4932,,32,0
Gayara-Fernando/BPM,main,0_Preprocessing_join_all_data.ipynb,True,python3,python,3.10.14,False,ModuleNotFoundError,,,1.66,True,False,ab272e9a1e29b472117ba9881a9c021aa1567e2128d336d2cdad00590233a8f1,,31,0
Gayara-Fernando/BPM,main,2_Inference_block_0103.ipynb,True,python3,python,3.11.7,False,ModuleNotFoundError,,,1.332,True,False,39631f6a355c3a5fcf7fc52965758d3aa7599fc69b4954a7606f3edd842809fd,,39,0
Gayara-Fernando/BPM,main,2_Inference_block_0103_alt.ipynb,True,python3,python,3.11.7,False,ModuleNotFoundError,,,1.302,True,False,f9747082e25482a36d889b2f15d9518f06d74db6e4b252e7f00fac5783a80d98,,51,0
Gayara-Fernando/BPM,main,2_Inference_block_0103_subwindow_level.ipynb,True,python3,python,3.11.7,False,ModuleNotFoundError,,,1.275,True,False,d47a25302074da4ba8533af89331c9caf0cb9db971ed00485515e5f5fdc921a4,,84,0
Gayara-Fernando/BPM,main,2_Inference_block_0104.ipynb,True,python3,python,3.11.7,False,ModuleNotFoundError,,,1.268,True,False,79e2bac1933d24d5dafa9414ebb3cc4dfec6c091e1492188934284f35280ab30,,41,0
Gayara-Fernando/BPM,main,2_Inference_block_0104_alt.ipynb,True,python3,python,3.11.7,False,ModuleNotFoundError,,,1.259,True,False,1caecf2b9e1e399b0937125ac399759510d8a1f9326dea8ae97b555278a64d6f,,41,0
Gayara-Fernando/BPM,main,2_Inference_block_0104_subwindow_level.ipynb,True,python3,python,3.11.7,False,ModuleNotFoundError,,,1.265,True,False,07a6a70fae8f0e32201f998bf477ea2f123bbd42e1ec46a6eaaea146a5e477a4,,85,0
Gayara-Fernando/BPM,main,2_Inference_block_0105.ipynb,True,python3,python,3.11.7,False,ModuleNotFoundError,,,1.253,True,False,fbf66b421d7cbc9de6338f2071536b13dd3141620c024c5023ea995fb13ceea5,,41,0
Jorge-sarcos2002/Logit-model-for-children-s-inassitance-,main,Determinantes_deserción_LosRíos (2).ipynb,True,python3,python,3.12.7,False,ModuleNotFoundError,,,2.489,False,,,,,0
KeevinPR/pybnesian_ainguraiiot,main,interactive_learning/ms/node_setting.ipynb,True,python3,python,3.12.0,False,ModuleNotFoundError,,,2.589,True,False,81a1529b28ebf3862d993a06c8d04325c1713fa7c69ec063230c3049cc2006a7,,5,0
Klomgor/mlflow,master,docs/docs/classic-ml/deep-learning/keras/quickstart/quickstart-keras.ipynb,True,python3,python,3.8.13,False,ModuleNotFoundError,,,2.58,True,False,afacff3fd4d7cd090d971081cd64ed4ef83abcd0ee687b69f74dd9a1f1b7d822,,12,0
Klomgor/mlflow,master,docs/docs/classic-ml/deep-learning/pytorch/quickstart/quickstart-pytorch.ipynb,True,python3,python,,False,TimeoutExpired,,,30.008,True,False,299f01e43f84406585636f7afba0b9e0fde3fdd351aba7c585b665648269e47e,,9,0
Klomgor/mlflow,master,docs/docs/classic-ml/deep-learning/sentence-transformers/tutorials/paraphrase-mining/paraphrase-mining-sentence-transformers.ipynb,True,python3,python,3.8.13,False,ModuleNotFoundError,,,10.218,True,False,0e657d655cc221fddb2e85fc0a31a8bd2a6a176a18b7809a9acad072efe10b62,,6,0
Klomgor/mlflow,master,docs/docs/classic-ml/deep-learning/sentence-transformers/tutorials/quickstart/sentence-transformers-quickstart.ipynb,True,python3,python,3.8.13,False,ModuleNotFoundError,,,1.33,True,False,4985a7fe49f515db6ec4b0c969d895155a9423ab2aac0bfe528646aa3834ff24,,7,0
Klomgor/mlflow,master,docs/docs/classic-ml/deep-learning/sentence-transformers/tutorials/semantic-search/semantic-search-sentence-transformers.ipynb,True,python3,python,3.8.13,False,ModuleNotFoundError,,,1.705,True,False,d610c1592f325fbaf720883c857540fb096b855ccfbbcf03aaa31ace2b031d21,,8,0
Klomgor/mlflow,master,docs/docs/classic-ml/deep-learning/sentence-transformers/tutorials/semantic-similarity/semantic-similarity-sentence-transformers.ipynb,True,python3,python,3.8.13,False,ModuleNotFoundError,,,1.706,True,False,426ec3aae0f643bff2d998689eef5bda51aae33be089886acc7adc0371dbdcd1,,7,0
Klomgor/mlflow,master,docs/docs/classic-ml/deep-learning/tensorflow/quickstart/quickstart-tensorflow.ipynb,True,python3,python,,False,ModuleNotFoundError,,,1.268,True,False,c720884c04b466343c301f5d9091eaa15b6ddf3445f9393a7a4f0a3c555b3cf0,,13,0
Komalbaghel08/python,master,Basics/.ipynb_checkpoints/identifier-checkpoint.ipynb,True,python3,python,3.12.7,False,SyntaxError,,,2.408,True,False,c79572fbd52a4ce9ee0ac16285da2f4217a0558bb9814c0012881900939ad9de,,4,0
LinderCa/NotebooksEstrategias,main,BreakOut_Indicator.ipynb,True,python3,python,3.12.7,False,ModuleNotFoundError,,,2.352,True,False,3b2c80c1f2da3d85ffed73eaeb8d953c052119828025f97e2f722d4104bbbd41,,15,0
LinderCa/NotebooksEstrategias,main,BreakOut_alcista.ipynb,True,python3,python,3.12.3,False,ModuleNotFoundError,,,1.557,True,False,fdc2504647ed27c7121969915668e1c004d1d69fb58b3abd400b690bbb0e6ab7,,8,0
LinderCa/NotebooksEstrategias,main,CNCF_CaidaNormalCaidaFuerte.ipynb,True,python3,python,3.12.7,False,ModuleNotFoundError,,,1.472,True,False,69ebed46b6e50f1708b4ad700a7cfbe6d059642837b146e3aa3f6694e1a23075,,14,0
LinderCa/NotebooksEstrategias,main,PM40_PromedioMovil40.ipynb,True,python3,python,3.12.3,False,ModuleNotFoundError,,,1.265,True,False,660291480c7d58a5cb7c11b5533baf805ea0c04bd4bf7a22afabe43964186388,,12,0
LinderCa/NotebooksEstrategias,main,PrimerGapAlza.ipynb,True,python3,python,3.12.3,False,ModuleNotFoundError,,,1.488,True,False,43398a981b6b36518122398661fd308600ee2348e96cca24860b17ea6c2762f7,,11,0
LinderCa/NotebooksEstrategias,main,downLoadDataRealtimeAlpha.ipynb.ipynb_out.ipynb,True,python3,python,3.10.18,False,ModuleNotFoundError,,,1.741,True,False,c55ccee970f28652c7fcf38103b5b90227b9fdbe36bbc9dfafb204f9a2e9bf2a,,3,0
LinderCa/NotebooksEstrategias,main,downloadDataHistYF.ipynb,True,python3,python,3.12.3,False,ModuleNotFoundError,,,1.32,True,False,cc9ea2283a25cd8065d82138c44670ed1de08cc332549f08972573b110953794,,4,0
LinderCa/NotebooksEstrategias,main,downloadDataHistYF.ipynb_out.ipynb,True,python3,python,3.10.18,False,ModuleNotFoundError,,,1.299,True,False,1d25c7c80c1ded610c7aa5af0196971ecbace94dc6373ab806079062c366f468,,138,0
LinderCa/NotebooksEstrategias,main,pisoFuerte.ipynb,True,python3,python,3.12.3,False,ModuleNotFoundError,,,1.263,True,False,f30a44b782588f12e0c0c3c0340d9d1704bd9bdb7742c78b92439a4c8512ed47,,10,0
Lollith/Python-2DGC-Alignment,main,archives/2-Hexenal.ipynb,True,python3,python,3.8.10,False,ModuleNotFoundError,,,4.087,True,False,bbae29772d875ef1c9c3dc311c360765587978a7b7a36986146a4be3f26a5e7d,,87,0
Lollith/Python-2DGC-Alignment,main,archives/Untitled-1.ipynb,True,python3,python,3.8.10,False,ModuleNotFoundError,,,3.487,True,False,a3fa8cc5408b10ffac3b004da24baeda8afb4664b97e32eeb24d22c1a52cb109,,69,0
Lollith/Python-2DGC-Alignment,main,archives/augmentation.ipynb,True,python3,python,3.9.13,False,ModuleNotFoundError,,,5.634,True,False,105b92cbb5af508efb77b8bbceec755851fc2529395a8bca78c1453d9c3e05e7,,109,0
Lollith/Python-2DGC-Alignment,main,archives/benchmark_metrics.ipynb,True,python3,python,3.8.10,False,ModuleNotFoundError,,,10.091,True,False,ea99804e45b2926db3360066cc073f9fd8069669494909d7d128db98cdd68404,,116,0
Lollith/Python-2DGC-Alignment,main,archives/cdf.ipynb,True,python3,python,3.8.10,False,ModuleNotFoundError,,,3.339,True,False,4a25fba33f8e3bffad2386445cdfda75a8c4d48d65d207980fa81d9c0925ca51,,34,0
Lollith/Python-2DGC-Alignment,main,archives/centroided_cube.ipynb,True,python3,python,3.9.13,False,TimeoutExpired,,,30.014,True,False,536f3efb5060fa32f5a8ae1e2762b5f997e9baf698ed3c7a3927b3f087878fd4,,13,0
Lollith/Python-2DGC-Alignment,main,archives/discriminant_pixel.ipynb,True,python3,python,3.8.10,False,ModuleNotFoundError,,,2.481,True,False,08308b17279a665df1f73439f06f7855c5bd5fb06a67352343d53f9bcd756a0d,,20,0
Lollith/Python-2DGC-Alignment,main,archives/discriminant_pixel_aligned_chroma.ipynb,True,python3,python,3.8.10,False,ModuleNotFoundError,,,2.014,True,False,2f1fe9786894cf0ed12232250d57344867175ff97a823647e6a7eb877507fe50,,124,0
Lollith/Python-2DGC-Alignment,main,archives/find_biom.ipynb,True,python3,python,3.8.10,False,ModuleNotFoundError,,,2.116,True,False,a3953a5d35ff2895447013a5eb9282c3112149e4aed935496fcf4ac2edf03151,,269,0
MIldredDelgado/IA_EXPL,main,ClaseFIN2/miPrimerColab.ipynb,True,python3,python,,False,StdinNotImplementedError,,,5.455,True,False,839406a5308fbdb56e490875793dacdc74aa0b2b46cbebfb41dc1e670fd2a28d,,29,0
MIldredDelgado/IA_EXPL,main,ClaseFIN2/programa.ipynb,True,python3,python,3.12.9,False,SyntaxError,,,1.71,True,False,6a0c64cbde65bf57a4171935e90ba26d6a0f7c0836224a3e78d550f4e85e4f73,,37,0
MIldredDelgado/IA_EXPL,main,claseFIN3/.ipynb_checkpoints/ProcesamientoData-checkpoint.ipynb,True,python3,python,3.12.9,False,ModuleNotFoundError,,,11.191,True,False,5cd0cebfd979973dba96f03cbaf1572d36ef07b6df76880399a9ba13bc8b44b8,,56,0
MIldredDelgado/IA_EXPL,main,claseFIN3/ProcesamientoData.ipynb,True,python3,python,3.12.9,False,ModuleNotFoundError,,,1.924,True,False,b0dd8d409e08736ba1129d15fd7f1c08f338216166463ff4da5e9a5c5f68a88c,,55,0
MIldredDelgado/IA_EXPL,main,claseFIN3/introPandas.ipynb,True,python3,python,3.12.9,False,ValueError,,,2.148,True,False,72d3caa514b4bc37360e03b752693d39dc013a18887bca9046f8ea53a7122c3d,,38,0
MIldredDelgado/IA_EXPL,main,claseFIN4/.ipynb_checkpoints/MiPrimerModelo_Version1-checkpoint.ipynb,True,python3,python,3.12.9,False,ModuleNotFoundError,,,3.915,True,False,95ea79e6f6e52262b1d8962818fcbca053db4f2753cc2e05481bebd74df0918f,,88,0
MIldredDelgado/IA_EXPL,main,claseFIN4/.ipynb_checkpoints/MiPrimerModelo_version2-checkpoint.ipynb,True,python3,python,3.12.9,False,ModuleNotFoundError,,,1.809,True,False,ca644ac3b035b9a6546fc9371b635978e344e370ff7e790dcd1155e82813aedb,,93,0
MIldredDelgado/IA_EXPL,main,claseFIN4/.ipynb_checkpoints/Notebook_RegresionLineal-checkpoint.ipynb,True,python3,python,,False,ModuleNotFoundError,,,2.334,True,False,c6ee23621bb42eac361183d85130b27c43f25598729ed436c19ef12c2b077642,,4,0
MIldredDelgado/IA_EXPL,main,claseFIN4/MasModelos.ipynb,True,python3,python,3.12.9,False,ModuleNotFoundError,,,26.514,True,False,b0d5a1eddcd2eb96a45112f613026e69ec9c056287cf3aa79a7ab855327f7d96,,6,0
MaxiproDP/DS_Modules,main,Module 13/HW_01_Bank_analysys.ipynb,True,python3,python,3.10.11,False,ModuleNotFoundError,,,14.354,True,False,3d81d478a723fb6cd519f2e560bc4f2a797d58b5c29a6d4c78aa048553bc381e,,13,0
MaxiproDP/DS_Modules,main,Module 8/game.ipynb,True,python3,python,3.10.11,True,,,,1.296,True,True,5785dd7d09496a28167d5bd5fd4cd616d41c00a32d840f6f43c34c208aceebfd,5785dd7d09496a28167d5bd5fd4cd616d41c00a32d840f6f43c34c208aceebfd,1,1
MaxiproDP/DS_Modules,main,Project_01/Project-1.Анализ вакансий HeadHunter.ipynb,True,python3,python,3.10.11,False,ModuleNotFoundError,,,3.658,False,,,,,0
MicheleSimo/Collection_for_my_progress,main,EDA_ML_CustomerChurnPrediction.ipynb,True,python3,python,,False,ModuleNotFoundError,,,2.735,True,False,f14764f378d693f2237e9fe287f5bf8192ca865bbb606d2321d4712926fa08c7,,26,0
MicheleSimo/Collection_for_my_progress,main,EDA_su_veicoli.ipynb,True,python3,python,,False,ModuleNotFoundError,,,1.332,True,False,10d4f2d90954f926862ea1d00018e4b1e9c7446367fd08056b5e8eda5509d692,,11,0
Mpkosh/network_hybrid_33,main,apply_and_see-Copy1.ipynb,True,python3,python,3.11.11,False,ModuleNotFoundError,,,2.416,True,False,0349de1b0e96524f0e398e4800b1b6531d453d6ed5abce1db9a6b0131b2a0306,,64,0
Mpkosh/network_hybrid_33,main,arima.ipynb,True,python3,python,3.11.11,False,ModuleNotFoundError,,,1.387,True,False,92c1523771bac9ee6f2b67c55e662b1656a1ffd41a2bcfdf1782fb674632dc64,,82,0
Mpkosh/network_hybrid_33,main,betas.ipynb,True,python3,python,3.11.11,False,ModuleNotFoundError,,,1.415,True,False,bb32801a8ac6f7f34d11d5f93aa9cdbcf17af0e8281e9622491ab8a13c5e5bad,,20,0
Mpkosh/network_hybrid_33,main,boxplots_and_peaks.ipynb,True,python3,python,3.11.11,False,ModuleNotFoundError,,,1.368,True,False,00a7b229c5762e74761af5471b7c07574d12a26ae2e2b6ef93189295898afc41,,141,0
Mpkosh/network_hybrid_33,main,check.ipynb,True,python3,python,3.11.11,False,ModuleNotFoundError,,,1.359,True,False,402b51cfba4fe34a7232e199a893192d537fbb89ad91403bf5b641b00e272abc,,4,0
Mpkosh/network_hybrid_33,main,compare_old_new_networks_sarimax.ipynb,True,python3,python,3.11.11,False,ModuleNotFoundError,,,1.288,True,False,94427b480995a97b30080fb6529a78eeb61631ee1991289174fcaf845ed1a445,,74,0
NewYorkCityCouncil/vision-zero-final,main,code/01_clean_lion_dataset.ipynb,True,python3,python,3.9.17,False,ModuleNotFoundError,,,2.466,True,False,1fe5dae4044493f3c85ff12be7a430bbca978b1c1e0b29332131bb6ef0a5987a,,3,0
NewYorkCityCouncil/vision-zero-final,main,code/02_clean_node_dataset.ipynb,True,python3,python,3.9.17,False,ModuleNotFoundError,,,1.412,True,False,28eefc3b4d225334e5ea8ce4e339b32d9b11ce549463c388d11788c66733f843,,8,0
NewYorkCityCouncil/vision-zero-final,main,code/03_add_collisions.ipynb,True,python3,python,3.9.17,False,ModuleNotFoundError,,,1.257,True,False,a860037ac6fb750ba93b7ade49e664a2cdad809d1c7c89c29c7e368293b30e5b,,11,0
NewYorkCityCouncil/vision-zero-final,main,code/04_build_vz_table.ipynb,True,python3,python,3.9.17,False,ModuleNotFoundError,,,1.322,True,False,377a9cc44d2261e0e51a491f22f58a55b17f383bf3d3f307c2640859d4772ee1,,2,0
NewYorkCityCouncil/vision-zero-final,main,code/05_add_interventions.ipynb,True,python3,python,3.11.13,False,ModuleNotFoundError,,,1.53,True,False,59c4d045fdae9d524ac80abc9354892d02aa98ade23f9e9853365350fd81dd40,,53,0
NewYorkCityCouncil/vision-zero-final,main,code/06_add_controls.ipynb,True,python3,python,3.11.13,False,ModuleNotFoundError,,,1.274,True,False,810f3b0b517e3345ff5e3f711797c6c91937a1a74ed8f739a7a568cd8d6231ce,,4,0
NewYorkCityCouncil/vision-zero-final,main,code/07_prep_dataset_for_analysis.ipynb,True,python3,python,3.11.13,False,ModuleNotFoundError,,,1.267,True,False,e1c7a1b403a7ee60a5143d658f638000f48ae7c7be8f3a615d359eb2920f46c9,,18,0
NewYorkCityCouncil/vision-zero-final,main,code/08_eda.ipynb,True,python3,python,3.13.5,False,ModuleNotFoundError,,,1.282,True,False,c6e62ca5e35268cb3622c725bda18272da500234a608fdfb4f7ff82770dd5f48,,44,0
NewYorkCityCouncil/vision-zero-final,main,code/11_final_dataset_with_geometries.ipynb,True,python3,python,3.11.13,False,ModuleNotFoundError,,,1.487,True,False,de8276c6e9f96d6692e459aa051d26639b0c66c8f8c029d91f4ef8b9912c1b87,,8,0
NicolasCaronPro/Localized-Forest-Fire-Risk-Prediction-ADepartment-Aware-Approach-for-Operational-DecisionSupport,main,Database/Features/GEEExportData.ipynb,True,python3,python,3.10.12,False,ModuleNotFoundError,,,2.619,True,False,43d364525b4673e8f914ee5fec325e4e70f0c0f40b66b68ecb85cf678a9682c8,,6,0
NicolasCaronPro/Localized-Forest-Fire-Risk-Prediction-ADepartment-Aware-Approach-for-Operational-DecisionSupport,main,Database/Features/check_datacube.ipynb,True,python3,python,3.9.18,False,ModuleNotFoundError,,,1.246,True,False,7fa3fc79da4ad5b9d6292643163cbc46d1602d2aadaffa1f908b0c8825b6c2ef,,2,0
NicolasCaronPro/Localized-Forest-Fire-Risk-Prediction-ADepartment-Aware-Approach-for-Operational-DecisionSupport,main,Database/Targets/check_datacube.ipynb,True,python3,python,3.9.18,False,ModuleNotFoundError,,,1.268,True,False,7fa3fc79da4ad5b9d6292643163cbc46d1602d2aadaffa1f908b0c8825b6c2ef,,2,0
NicolasCaronPro/Localized-Forest-Fire-Risk-Prediction-ADepartment-Aware-Approach-for-Operational-DecisionSupport,main,Database/Targets/locate_cities.ipynb,True,python3,python,3.9.18,False,ModuleNotFoundError,,,1.286,True,False,a44311551e73ed3e7e104dca9b06f304bc46993b86f83a575f930bd889083fb3,,8,0
OpenPipe/ART,main,dev/art-e/art_e/evaluate/display_benchmarks.ipynb,True,python3,python,3.10.13,False,ModuleNotFoundError,,,2.602,True,False,b176b4231a30ef15b8f0e6199b098f4461a1d917f82cdc833d5ac21aa0d5b245,,2,0
OpenPipe/ART,main,dev/yes-no-maybe.ipynb,True,python3,python,3.10.18,False,ModuleNotFoundError,,,3.631,True,False,6571861406e78c96740bc0f8d955d6b37275f8e74f922afbd93ef5098a08eaec,,1,0
OpenPipe/ART,main,examples/2048/display_benchmarks.ipynb,True,python3,python,3.10.13,False,ImportError,,,2.06,True,False,b176b4231a30ef15b8f0e6199b098f4461a1d917f82cdc833d5ac21aa0d5b245,,2,0
PHilIp36565/AvXyAzzqY,main,I8xZiF/WwPWzF/kINf/oRJVz/experiential-learning_93E7Du_1747864657.data.ipynb,True,python3,python,,False,ModuleNotFoundError,,,4.073,True,False,50f08d911d2a54cafbe1a74bfce15e9636624962005670f84ec78f4f830d01ba,,7,0
Robotics-STAR-Lab/DynamicPose,master,object_pose_estimator/include/segment-anything-2-real-time/notebooks/automatic_mask_generator_example.ipynb,True,python3,python,3.10.14,False,ModuleNotFoundError,,,2.897,True,False,34792a8a64ed804c2e0d4231c298ed3bc170db1940847dc3d2b456e6a680587a,,5,0
SWauthier/zennit-crp,master,tutorials/attributions.ipynb,True,python3,python,3.8.12,False,ModuleNotFoundError,,,2.595,True,False,f84944e7c03af4d160b67f29685c565c203850c01d9c0bd8bee66b0d787a7e13,,25,0
SWauthier/zennit-crp,master,tutorials/feature_visualization.ipynb,True,python3,python,3.8.12,False,ModuleNotFoundError,,,1.293,True,False,bfd40b582db386fd5618075c4fc4cc6f3a6bd2e2e0c27aa5f0cf3e46a1c44b9d,,39,0
Sharp-4rth/temporal_belief_analysis,main,notebooks/02_stance_detection_pretrained.ipynb,True,python3,python,3.10.12,False,FileNotFoundError,,,14.607,True,False,4b0fd6cfc2dd35ee33d5b10c67921c805ece7acfbe03f85198e85ef83a50a6cf,,4,0
Sharp-4rth/temporal_belief_analysis,main,notebooks/03_timeline_building.ipynb,True,python3,python,2.7.6,False,TimeoutExpired,,,30.011,True,False,aa777ec4709028f3315c318495db61ffe172c43813b06ee1e4c68d0dbadbfdfd,,9,0
Sharp-4rth/temporal_belief_analysis,main,notebooks/04_change_detection.ipynb,True,python3,python,2.7.6,False,FileNotFoundError,,,10.133,True,False,8aeafc462e20af0e38e038e93a21689fab8c845aefe8a36ecede7a3b3bd45092,,13,0
Sharp-4rth/temporal_belief_analysis,main,notebooks/05_window_extraction.ipynb,True,python3,python,2.7.6,False,TimeoutExpired,,,30.008,True,False,b746144f5097cf1046bf55c0e4b8b3f0c42e46c467ae67dbd90a80404b6ae9f1,,1,0
Sharp-4rth/temporal_belief_analysis,main,notebooks/07_neural_attribution.ipynb,True,python3,python,2.7.6,False,TimeoutExpired,,,30.018,True,False,347c043c93220b98e4f7439b075085b06c067810fe27a72882c6f41c23233295,,7,0
Sharp-4rth/temporal_belief_analysis,main,notebooks/08_bert_fine_tuning.ipynb,True,python3,python,2.7.6,False,FileNotFoundError,,,6.334,True,False,b2dc7a15044dc2c8fb0ce005189a222e9cd07e64907d2d56c66485a3981841ce,,14,0
Sharp-4rth/temporal_belief_analysis,main,notebooks/09_bert_domain_adaptation.ipynb,True,python3,python,,False,FileNotFoundError,,,3.669,True,False,935573711236ae2e9c7db335b1c1b1bd2c1efdc4e4f04466a1863d8424e0da53,,9,0
Sharp-4rth/temporal_belief_analysis,main,notebooks/10_stance_detection_wbert.ipynb,True,python3,python,2.7.6,False,FileNotFoundError,,,3.861,True,False,5cdcd68a0eb34b2ebddf54a5e5c3172e1933d71d13eaeda6b14093a25526585a,,8,0
Subin-Vidhu/2025,main,0_Coursera/1_Introduction to Computer Vision and Image Processing/Code/2 1 2_Images_with_python_library_CV.ipynb,True,python3,python,3.7.12,False,ModuleNotFoundError,,,3.619,False,,,,,0
Subin-Vidhu/2025,main,0_Coursera/1_Introduction to Computer Vision and Image Processing/Code/2 2 1_basic_image_manipulation_PIL.ipynb,True,python3,python,3.7.12,False,ModuleNotFoundError,,,2.246,False,,,,,0
Subin-Vidhu/2025,main,0_Coursera/1_Introduction to Computer Vision and Image Processing/Code/2 2 2_basic_image_manipulation_open_CV.ipynb,True,python3,python,3.7.12,False,ModuleNotFoundError,,,2.162,False,,,,,0
Subin-Vidhu/2025,main,0_Coursera/1_Introduction to Computer Vision and Image Processing/Code/2 3 2_ Histograms and Intensity Transformations.ipynb,True,python3,python,3.7.12,False,ModuleNotFoundError,,,3.162,False,,,,,0
Subin-Vidhu/2025,main,0_Coursera/1_Introduction to Computer Vision and Image Processing/Code/2 4 1_Gemetric_trasfroms_PIL.ipynb,True,python3,python,3.7.12,False,ModuleNotFoundError,,,2.292,False,,,,,0
Subin-Vidhu/2025,main,0_Coursera/1_Introduction to Computer Vision and Image Processing/Code/2 4 2_Gemetric_trasfroms_OpenCV.ipynb,True,python3,python,3.7.12,False,ModuleNotFoundError,,,2.216,False,,,,,0
Subin-Vidhu/2025,main,0_Coursera/1_Introduction to Computer Vision and Image Processing/Code/2 5 1_Spatial_Filtering-PIL.ipynb,True,python3,python,3.7.12,False,ModuleNotFoundError,,,2.205,False,,,,,0
Subin-Vidhu/2025,main,0_Coursera/1_Introduction to Computer Vision and Image Processing/Code/2 5 2_Spatial_Filtering.ipynb,True,python3,python,3.7.12,False,ModuleNotFoundError,,,2.263,False,,,,,0
Subin-Vidhu/2025,main,0_Coursera/1_Introduction to Computer Vision and Image Processing/Code/2.1.1_Images_with_python_library_PIL.ipynb,True,python3,python,3.7.12,False,ModuleNotFoundError,,,2.408,True,False,f04f1dddb026a706b101d47feaede5ef474b0a2c33247d1596a0822bec8194d1,,36,0
Subin-Vidhu/2025,main,0_Coursera/1_Introduction to Computer Vision and Image Processing/Code/Digit Classification with Softmax.ipynb,True,python3,python,3.7.12,False,ModuleNotFoundError,,,3.041,False,,,,,0
TUDelft-books/CT1000,2025-draft,book/week_10/session/intro_data/Untitled-1.ipynb,True,python3,python,3.12.11,False,ModuleNotFoundError,,,3.034,True,False,63b8edf4053bac77eb6b000827b50187142f7bdd20002f307667ead2378deffe,,31,0
TUDelft-books/CT1000,2025-draft,book/week_12/session_3/intro.ipynb,True,python3,python,3.9.18,False,ModuleNotFoundError,,,1.693,True,False,528dda5bbf8511f212a65428ee597d3f8aeb637b489d6f2ee62d461d2601681b,,2,0
TUDelft-books/CT1000,2025-draft,book/week_13/session_1/intro.ipynb,True,python3,python,3.9.18,True,,,,1.198,True,False,528dda5bbf8511f212a65428ee597d3f8aeb637b489d6f2ee62d461d2601681b,04da67c442afafe4b0cc01c6395ff3f47cd2afc4aa9954b38c5f3e6f99416867,2,1
TUDelft-books/CT1000,2025-draft,book/week_14/session_1/intro.ipynb,True,python3,python,3.9.18,True,,,,3.995,True,False,528dda5bbf8511f212a65428ee597d3f8aeb637b489d6f2ee62d461d2601681b,4a62156a2855505ec14fcce8729de30d9d7d43fc745988371f2b1ea82d634244,2,1
TheYuanLiao/netmob25,main,src/1-raw-data-processing.ipynb,True,python3,python,3.11.13,False,ModuleNotFoundError,,,2.674,True,False,8035e5d63b2b7b6f8088592b17fc97db537c952f27d9578813beaab2b74b1a14,,39,0
TheYuanLiao/netmob25,main,src/10-spa-set-vs-visits.ipynb,True,python3,python,3.11.13,False,ModuleNotFoundError,,,1.321,True,False,ad1c8be5ef77dc9d25c878ba6444144b86ea65a8387ed63dfd2560c5d36389cf,,25,0
TheYuanLiao/netmob25,main,src/11-dag-tests.ipynb,True,python3,python,3.11.13,False,ModuleNotFoundError,,,1.419,True,False,ffef5cfa733321324144b1e1ce5acd7ba714e8bc8ee0ea2231c3d5db035ea910,,7,0
TheYuanLiao/netmob25,main,src/2-mobility-quantification.ipynb,True,python3,python,3.11.13,False,ModuleNotFoundError,,,1.503,True,False,77ba56b773e685649f971f1597341d41d0c234424f4c459bd0170bcaf5eb5e49,,35,0
TheYuanLiao/netmob25,main,src/2-poi-activity-association.ipynb,True,python3,python,3.11.11,False,ModuleNotFoundError,,,1.418,True,False,d9472377407e5518a7c46098f6be1935272e14000ec45eff8f3ac13957eb8975,,10,0
TheYuanLiao/netmob25,main,src/3-accessibility-data-prep.ipynb,True,python3,python,3.11.11,False,ModuleNotFoundError,,,1.606,True,False,823b9252d17844a0e60ff6e54337f1ec15b5c08384226e4ad873660f2224e4b3,,70,0
TheYuanLiao/netmob25,main,src/5-sp-accessibility-kh-prep.ipynb,True,python3,python,3.11.11,False,ModuleNotFoundError,,,1.497,True,False,86d18194ef960d19bab9f5f80fcf9e89e366bf95db328f0f0096158191a9bac9,,37,0
TheYuanLiao/netmob25,main,src/7-sp-accessibility-results-organizer.ipynb,True,python3,python,3.11.13,False,ModuleNotFoundError,,,2.018,True,False,5fc0c91b6a1779b1a9645d9c6ac93f2f407c666c044c4f1a9642ec3348e8fc9a,,16,0
TheYuanLiao/netmob25,main,src/8-sp-accessibility-desc.ipynb,True,python3,python,3.11.13,False,ModuleNotFoundError,,,1.494,True,False,a4d2cca9984be6a5e3c0199a53764622fa89a99a6f6f26a92d395a104b7ee843,,33,0
Twinspeedr/P_School,main,notebooks/MikeXClass/DUDLPythonSec27to31.ipynb,True,python3,python,,False,StdinNotImplementedError,,,2.55,True,False,10dd0d6964170c82ae5abe790eeb65cdacb298231c583b151436b7ea4032ec34,,184,0
UCL-CCS/ferrmion,main,docs/source/notebooks/bonsai.ipynb,True,python3,python,3.13.1,False,ModuleNotFoundError,,,3.222,True,False,674eee58a0798d2fc96fa015e4df378acb17cbbde4a9e16fff9e35ca28fedf71,,7,0
UCL-CCS/ferrmion,main,docs/source/notebooks/growing_trees.ipynb,True,python3,python,3.13.1,False,ModuleNotFoundError,,,1.645,True,False,963575fbfa90111e2987f3167af8ca28ded00bf2711a472f18e4b5b80468c05b,,15,0
UCL-CCS/ferrmion,main,docs/source/notebooks/hubbard_hamiltonian.ipynb,True,python3,python,3.13.1,False,ModuleNotFoundError,,,1.505,True,False,431ea8ccbd80f181b29ed681265a45704c836223f85e3e5b08e7608a4cc8c8fd,,9,0
UCL-CCS/ferrmion,main,docs/source/notebooks/huffman.ipynb,True,python3,python,3.13.1,False,FileNotFoundError,,,1.485,True,False,b0cfc74e4eb81ed491e911e3f80f0fbc8f9d1d85bafa80e08abcfb65e0e5fabb,,17,0
UCL-CCS/ferrmion,main,docs/source/notebooks/molecular_hamiltonian.ipynb,True,python3,python,3.13.1,True,,,,3.068,True,False,5a2ecdac66376f2e64a381ada3bb73e222053aae69562c83ad42881cd6e0b968,4c6b81d2ced891b4f8187e4fc862d4ed92fcf038201f8f44b072d9870df3a2ea,7,7
Victorgame59/student-score-prediction,main,notebooks/.ipynb_checkpoints/student_scores-checkpoint.ipynb,True,python3,python,2.7.6,False,TimeoutExpired,,,30.014,True,False,2cf3d87620b2f421a2ddc7336d7f84d327b451f1a0e40748f03e7fcdc953e49c,,13,0
Victorgame59/student-score-prediction,main,notebooks/student_scores.ipynb,True,python3,python,3.12.7,False,FileNotFoundError,,,15.515,True,False,2cf3d87620b2f421a2ddc7336d7f84d327b451f1a0e40748f03e7fcdc953e49c,,13,0
YoussefHeshamAlsoly/DataCamp,main,2_intermediate_python/2_1_matplotlib.ipynb,True,python3,python,3.10.0,False,ModuleNotFoundError,,,2.386,True,False,f67db508fd7da4723dc5f0736bfa66fa5dec0767ad5133b15bdc7ceb1580ee67,,11,0
YoussefHeshamAlsoly/DataCamp,main,2_intermediate_python/2_2_pandas.ipynb,True,python3,python,3.10.0,False,ModuleNotFoundError,,,1.263,True,False,1280c6e63f1dcc4d9a63fb5d44ef48631ac6787296c56c49aa973188869b7bd4,,7,0
YoussefHeshamAlsoly/DataCamp,main,2_intermediate_python/2_3_numpy_comparison_operators.ipynb,True,python3,python,3.10.0,False,ModuleNotFoundError,,,1.261,True,False,a3478422db7c6f191cd5eab183f151b8df5c979dec1583145640da6ec9efd600,,2,0
YoussefHeshamAlsoly/DataCamp,main,2_intermediate_python/2_4_filtering_pandas_dataframes.ipynb,True,python3,python,3.10.0,False,ModuleNotFoundError,,,1.258,True,False,df2f5bf0af3f16b906443a37c7cb197fee6de74bfa2cbc32313042482652ac30,,5,0
YoussefHeshamAlsoly/DataCamp,main,2_intermediate_python/2_5_testing.ipynb,True,python3,python,3.10.0,False,ModuleNotFoundError,,,1.257,True,False,803888ae77c7a7af3c032defe2457c33c0235ef9ee7ba1987418f10a39d55b02,,5,0
YoussefHeshamAlsoly/DataCamp,main,4_Data_Manipulation_with_pandas/4_1_pandas_intro.ipynb,True,python3,python,3.10.0,False,ModuleNotFoundError,,,1.26,True,False,87aaa7e5e03d18e5844f015aa0611de5e8d5599241a25e6ec301aaeb000bbb14,,5,0
YoussefHeshamAlsoly/DataCamp,main,4_Data_Manipulation_with_pandas/4_2_summary_stats.ipynb,True,python3,python,3.10.0,False,ModuleNotFoundError,,,1.264,True,False,c2ecdd81d8d296fe2b52b46ebdfd0e637736995ff10c292aeb751466a9fa336d,,11,0
YoussefHeshamAlsoly/DataCamp,main,4_Data_Manipulation_with_pandas/4_3_slicing_and_subsetting.ipynb,True,python3,python,3.10.0,False,ModuleNotFoundError,,,1.258,True,False,ed6fb99197ddb656d1e7c0f2872c6048b0e607fc0503d1c5be3b9d83888cf128,,11,0
YoussefHeshamAlsoly/DataCamp,main,4_Data_Manipulation_with_pandas/4_5_visualizing_dataFrames.ipynb,True,python3,python,3.10.0,False,ModuleNotFoundError,,,1.258,True,False,901bebaff35ee4489f364cd51171640c30b1e9b4dd795017f273efa7971a6ee1,,10,0
YoussefHeshamAlsoly/DataCamp,main,4_Data_Manipulation_with_pandas/4_6_missing_values.ipynb,True,python3,python,3.10.0,False,ModuleNotFoundError,,,1.28,True,False,702e2ff7f2054b48220387208e60765e6ad2d70f03d776db2b3f1b733ad0a970,,8,0
aZRielshANE18352/WbFxAGkY,main,02.ipynb,True,python3,python,3.11.2,False,ConnectionError,,,3.421,True,False,430424d480210cfd853d1721f3ab869b8f4dd7fa34ae70952073c06bc3e27e4e,,10,0
aZRielshANE18352/WbFxAGkY,main,1_Traces_2019_Append.ipynb,True,python3,python,3.8.12,False,ModuleNotFoundError,,,1.29,True,False,eba91c14c9ad43384bd0bc07e14efb00499ae3c3063e96d2c666e5affb5b2000,,65,0
aZRielshANE18352/WbFxAGkY,main,2_Traces_2019_Merge_Jobs_Selection.ipynb,True,python3,python,3.8.12,False,ModuleNotFoundError,,,1.281,True,False,8b12d99619dafcfc6c589856b2908174aa0e7cf1786890fa052ad4af43d51d44,,21,0
aZRielshANE18352/WbFxAGkY,main,AutoML_Batch_Learning_Dataset_1.ipynb,True,python3,python,3.6.8,False,ModuleNotFoundError,,,8.962,True,False,7842e006cea84eae57c52788ee7c197360609584eeb90fcee5efae343840fa13,,21,0
aZRielshANE18352/WbFxAGkY,main,Chatbot.ipynb,True,python3,python,3.7.3,False,ModuleNotFoundError,,,1.444,True,False,9924f340d51119b60847f96d24f34bfb4efc5da764f2675937b0fb3d983358b3,,4,0
aZRielshANE18352/WbFxAGkY,main,Collaborative Filtering.ipynb,True,python3,python,3.7.3,False,ModuleNotFoundError,,,1.708,False,,,,,0
aZRielshANE18352/WbFxAGkY,main,ControlNet_+ArtLine_.ipynb,True,python3,python,,False,UsageError,,,1.23,False,,,,,0
aZRielshANE18352/WbFxAGkY,main,DataScience-Results-Analysis.ipynb,True,python3,python,3.12.2,False,FileNotFoundError,,,1.782,True,False,127ca5b4e377d3ef753f8946277da9b4b5c651b8b2f0a9a1f4df9b71eb34507b,,21,0
aZRielshANE18352/WbFxAGkY,main,Educational_Tutor_AI_Assistant_Code_Walkthrough.ipynb,True,python3,python,,False,ModuleNotFoundError,,,8.539,True,False,79661ad8996af2c387190f264706fb2b5a2e829b4c90767a42148585cc14caf6,,8,0
atorgoffice/launcher-app,main,DeFooocus_colab.ipynb,True,python3,python,,True,,,,12.926,True,False,90ba8c0b1fc55f70a2320c9c6946c4a57eb53230b67d2ce2b351c9fef9cf8f43,5cf4c9f9feb302b09136b7b72b849966b98b02399146bbf3e26f10617f274599,1,24
boomshineking/Azure-ML-Deployment,main,RandomForestRegressor.ipynb,True,python3,python,3.6.7,False,TimeoutExpired,,,30.005,True,False,7180fd1b04e6b38d21f4d060f3a0d62c25853698324d981a0db09dba780246d2,,58,0
c0z0c/sprint_mission,master,Learning/learning_LSTM.ipynb,True,python3,python,3.10.18,False,ModuleNotFoundError,,,6.272,True,False,3e5c5376c21e784554230d0eeba64ff016eecb5251ee0da195e61c63021c4b4c,,12,0
c0z0c/sprint_mission,master,Learning/notebook_template.ipynb,True,python3,python,3.10.18,False,ModuleNotFoundError,,,1.987,True,False,2608b4a5c2e01f77ecfe28657700ab3ee82277fa5ce915cb45da9a19a7fc1304,,2,0
c0z0c/sprint_mission,master,Learning/notebook_template_딥러닝.ipynb,True,python3,python,3.10.18,False,ModuleNotFoundError,,,1.679,False,,,,,0
c0z0c/sprint_mission,master,Learning/notebook_template_사전학습.ipynb,True,python3,python,3.10.18,False,ModuleNotFoundError,,,1.745,False,,,,,0
c0z0c/sprint_mission,master,멘토/CensusIncome/CensusIncome.ipynb,True,python3,python,3.10.18,False,ModuleNotFoundError,,,3.759,True,False,ac59e5eed44b42365d2a3809bf151917e656b93210766c5d591dd269cebd48d6,,153,0
c0z0c/sprint_mission,master,스프린트미션_완료/09_4팀_김명환.ipynb,True,python3,python,3.10.18,False,ModuleNotFoundError,,,7.25,False,,,,,0
c0z0c/sprint_mission,master,스프린트미션_완료/미션1_5팀_김명환.ipynb,True,python3,python,3.10.18,False,StdinNotImplementedError,,,1.447,False,,,,,0
c0z0c/sprint_mission,master,스프린트미션_완료/미션2_5팀_김명환.ipynb,True,python3,python,3.10.18,False,ModuleNotFoundError,,,1.723,False,,,,,0
c0z0c/sprint_mission,master,스프린트미션_완료/미션3_5팀_김명환.ipynb,True,python3,python,3.10.18,False,ModuleNotFoundError,,,4.739,False,,,,,0
carmen-carrasco/Henri_Pirenne,main,code/Analyse de résultats.ipynb,True,python3,python,3.13.2,False,ModuleNotFoundError,,,9.022,False,,,,,0
carmen-carrasco/Henri_Pirenne,main,code/V5-Automatic_correction_of_manuscripts.ipynb,True,python3,python,3.13.2,False,FileNotFoundError,,,21.618,True,False,99d441832cf453beca2eb390f57f527765a0aa0490a3a5ebdebccbf398c1d39d,,15,0
carmen-carrasco/Henri_Pirenne,main,code/V6-Automatic_correction_of_manuscripts.ipynb,True,python3,python,3.13.2,False,FileNotFoundError,,,15.819,True,False,7cbdfe8ab3d5de380089e7989b960b6da1aa8b87992b1eb6485cbf11fad731ad,,23,0
carmen-carrasco/Henri_Pirenne,main,code/erreurs.ipynb,True,python3,python,3.13.2,False,ModuleNotFoundError,,,2.251,True,False,cb753c4b0cbff7d5290626826fe29c9a96426634ca9cdcf042a7f2bad7aa32f9,,1,0
carmen-carrasco/Henri_Pirenne,main,code/erreurs_ms1.ipynb,True,python3,python,3.13.2,False,ModuleNotFoundError,,,1.82,True,False,1f04ea2da4ad80d50604bc2e4bac9b888d4faa569c10d5cbd0adc0fd138e228c,,1,0
complex-reasoning/RPG,main,examples/ppo_trainer/verl_getting_started.ipynb,True,python3,python,3.10.10,False,TimeoutExpired,,,30.838,True,False,d0c4e53b55b551496f4cc2411b458e3895dc4da7c90bc1b9951ce3460596dab3,,8,0
complex-reasoning/RPG,main,examples/ray/tutorial.ipynb,True,python3,python,3.9.2,False,TimeoutExpired,,,30.127,True,False,c0ace1fe06678b7647b1f711c8a2b515d4acbe30fa1d1c314f66bb9ae319e120,,15,0
dalloliogm/kaggle_competitions,main,0-00001-gain.ipynb,True,python3,python,3.11.13,False,ModuleNotFoundError,,,2.753,True,False,0a0c604014cf273347e6f372dbad845a1a8fa81951aaff460407cc6e245d74b0,,1,0
dami2106/Craftax-Skill-Data,main,Skill_Learning/check_skill_splits.ipynb,True,python3,python,3.10.15,False,ModuleNotFoundError,,,3.042,True,False,9983773d39b3fb09ee772dad62638d52843ae0256ce1b7b36db25ce387d79c87,,3,0
dami2106/Craftax-Skill-Data,main,Skill_Learning/testing.ipynb,True,python3,python,3.10.15,False,ModuleNotFoundError,,,2.129,True,False,ac1bd458113048bffc7f353560d85f5517ca3368ffc498f75b2beb3b245bee6f,,4,0
dami2106/Craftax-Skill-Data,main,test_bc.ipynb,True,python3,python,3.10.15,False,ModuleNotFoundError,,,1.827,True,False,452717e40a35edb3dfb9b54291b233248b227784760bbd164d7211492fe149a0,,7,0
demetrio088/different-experience,main,checking_correlation_lag/checking_correlation_lag.ipynb,True,python3,python,3.11.7,False,ModuleNotFoundError,,,12.24,True,False,f63bb0b25e265379ebc19ad389257f65f1f2ab00c916973efac6b5f9a2d97048,,125,0
demetrio088/different-experience,main,eda_analysis/eda_analysis.ipynb,True,python3,python,3.11.7,False,ModuleNotFoundError,,,1.859,True,False,3076815be5f3225a3c960de8997d69b74c27b39d1cf135ad80e73cceb4da633b,,337,0
demetrio088/different-experience,main,statistical_tests/statistical_tests.ipynb,True,python3,python,3.11.7,False,ModuleNotFoundError,,,1.888,True,False,d9d6fc106683d1a4327637d1659437bd43c33bd448979e41e4358911575d69ce,,53,0
demetrio088/different-experience,main,swat_attack_analysis/swat_attack_12.07.2025.ipynb,True,python3,python,3.12.7,False,ModuleNotFoundError,,,1.351,True,False,37d0a6585cc9e7f44c2f0cdb9ec6e947bd009a7d9db325def44a3a1853b3fc04,,128,0
dylanschlichting/mpaso-numerical-mixing,main,bichan/.ipynb_checkpoints/chan_args_namelists-checkpoint.ipynb,True,python3,python,3.8.13,False,ModuleNotFoundError,,,2.864,True,False,9b6a9142d3209b38d3f4f4a168239b159d9d78c0ee99af2058bc8129e0dde9a2,,1,0
dylanschlichting/mpaso-numerical-mixing,main,bichan/chan_args_namelists.ipynb,True,python3,python,3.8.13,False,ModuleNotFoundError,,,1.266,True,False,9b6a9142d3209b38d3f4f4a168239b159d9d78c0ee99af2058bc8129e0dde9a2,,1,0
dylanschlichting/mpaso-numerical-mixing,main,bichan/example_code/.ipynb_checkpoints/make_animations-checkpoint.ipynb,True,python3,python,3.12.7,False,ModuleNotFoundError,,,1.235,True,False,ba9cba8cb98cf339253188c446d613cdaa271e1b1477783fa9d78431ee8de3a1,,1,0
dylanschlichting/mpaso-numerical-mixing,main,bichan/example_code/.ipynb_checkpoints/plotting_example-checkpoint.ipynb,True,python3,python,3.12.7,False,ModuleNotFoundError,,,1.271,True,False,06d7fba1534dbd7abae986ac444424e4619f0a2b673afe257f9aba3f953824f1,,13,0
dylanschlichting/mpaso-numerical-mixing,main,bichan/example_code/.ipynb_checkpoints/vol_integrals-checkpoint.ipynb,True,python3,python,3.12.7,False,ModuleNotFoundError,,,1.298,True,False,7498c06753f6fc0a26e93e8a017ee4635292dde6e6f8573e1599517c3f90f53d,,6,0
dylanschlichting/mpaso-numerical-mixing,main,bichan/example_code/make_animations.ipynb,True,python3,python,3.12.7,False,ModuleNotFoundError,,,1.385,True,False,ba9cba8cb98cf339253188c446d613cdaa271e1b1477783fa9d78431ee8de3a1,,1,0
dylanschlichting/mpaso-numerical-mixing,main,bichan/example_code/plotting_example.ipynb,True,python3,python,3.12.7,False,ModuleNotFoundError,,,1.275,True,False,06d7fba1534dbd7abae986ac444424e4619f0a2b673afe257f9aba3f953824f1,,13,0
dylanschlichting/mpaso-numerical-mixing,main,bichan/example_code/qc_disable_flags.ipynb,True,python3,python,3.12.7,False,ModuleNotFoundError,,,1.271,True,False,de6757ab4325886284a8d1f9d30c1a9e68749e71059336f4ca7fa5ee76411107,,11,0
dylanschlichting/mpaso-numerical-mixing,main,bichan/example_code/vol_integrals.ipynb,True,python3,python,3.12.7,False,ModuleNotFoundError,,,1.267,True,False,7498c06753f6fc0a26e93e8a017ee4635292dde6e6f8573e1599517c3f90f53d,,6,0
dylanschlichting/mpaso-numerical-mixing,main,validation/.ipynb_checkpoints/check_mphy-checkpoint.ipynb,True,python3,python,3.12.7,False,ModuleNotFoundError,,,1.258,True,False,b8fb36ae9ed7c3d4a1bdbac92c7ae8073f4ade689dc7047b5d9f285d00dc2b06,,2,0
gc-os-ai/MAWS_2025,main,notebooks/maws/debug.ipynb,True,python3,python,3.10.14,True,,,,2.428,True,False,daba29f3655e382f5b79f2353c93f56963c2cab4292944c7f781211d7d63d2bd,714ec4e810fd8ed0e0180caece2318a82c57fe5f7ca71c7000865c4909fb0055,9,8
grmc1999/PhysicsSimulationDeepLearning,main,Notebooks/Data_preprocessing/Sim_Data.ipynb,True,python3,python,3.8.10,False,FileNotFoundError,,,2.376,True,False,eef56bdba6f5712d8e0b74593031f5172fa21df59194ab5ebb5313eef0226e5c,,8,0
grmc1999/PhysicsSimulationDeepLearning,main,Notebooks/Diff_phys/2D_1P_Darcy_flow.ipynb,True,python3,python,3.10.12,False,ModuleNotFoundError,,,2.22,True,False,f1d76e8d568aa27b3552578204de1aa501f39fc13055061c12a01a930ac849cb,,25,0
grmc1999/PhysicsSimulationDeepLearning,main,Notebooks/FEM/Basic_PDE-Copy1.ipynb,True,python3,python,3.10.12,False,ModuleNotFoundError,,,1.286,True,False,2f3efa6ba3f1a07656dfd9d96a2727c0681c2aa81f73466857f1395f2900cc04,,46,0
grmc1999/PhysicsSimulationDeepLearning,main,Notebooks/FEM/Basic_PDE.ipynb,True,python3,python,3.12.3,False,ModuleNotFoundError,,,1.282,True,False,38cbaf23bd512a2bba16d098630fee61c41f387b315994b6144975814ff6fcb9,,46,0
grmc1999/PhysicsSimulationDeepLearning,main,Notebooks/FEM/Darcy.ipynb,True,python3,python,3.12.3,False,ModuleNotFoundError,,,1.26,True,False,6e48a50001b6ae046f4c9b9f42ba8952f497c5bfa8f2cda90371a775060c15a3,,17,0
grmc1999/PhysicsSimulationDeepLearning,main,Notebooks/FEM/Darcy_flow_1P_2D copy.ipynb,True,python3,python,3.10.12,False,ModuleNotFoundError,,,1.27,False,,,,,0
grmc1999/PhysicsSimulationDeepLearning,main,Notebooks/FEM/Darcy_flow_1P_2D.ipynb,True,python3,python,3.8.10,False,ModuleNotFoundError,,,1.333,True,False,ab54e16a46a9e900a116f5cde505724432048e991c058eb0af422c4e989e4a1d,,19,0
grmc1999/PhysicsSimulationDeepLearning,main,Notebooks/FEM/Darcy_flow_1P_3D.ipynb,True,python3,python,3.8.10,False,ModuleNotFoundError,,,1.412,True,False,bba8a5159948c5fa2ff1afd57295050ffadb67bc54ddf50d5cc230164e295071,,41,0
grmc1999/PhysicsSimulationDeepLearning,main,Notebooks/FEM/Darcy_flow_2P_2D.ipynb,True,python3,python,3.8.10,False,ModuleNotFoundError,,,1.283,True,False,2538fc6c2028dc4a4d7cc74480dcf4e76d0de1fce4393bf7792c4e931df9f71c,,54,0
grmc1999/PhysicsSimulationDeepLearning,main,Notebooks/FEM/non_linear_Darcy_flow_1P_2D.ipynb,True,python3,python,3.10.12,False,ModuleNotFoundError,,,1.32,True,False,2afede71d446f80a5957494f6f919bb1b56f0da1532e050eeacce5f5887443bd,,30,0
h308427/vscode,main,extensions/vscode-api-tests/testWorkspace/test.ipynb,True,python3,python,3.9.5,True,,,,3.312,True,True,c25721b583b182f937c3a0bd187d5ac912799826ba009693b052c904e38f2510,c25721b583b182f937c3a0bd187d5ac912799826ba009693b052c904e38f2510,1,1
hizocar/usm-course,main,docs/basic.ipynb,True,python3,python,3.8.10,True,,,,4.4,True,True,48677f61e57ad0be4add0ed66cb5ab0ddbc7caca8f118172f9de86b7f31547bc,48677f61e57ad0be4add0ed66cb5ab0ddbc7caca8f118172f9de86b7f31547bc,33,33
hizocar/usm-course,main,docs/clases/Clase_1_Intro.ipynb,True,python3,python,3.13.3,False,StdinNotImplementedError,,,2.653,True,False,c03dc2753e788732826395a3e641f076d2b3b0f5354ae0eda7915579f7468c02,,104,0
hizocar/usm-course,main,docs/clases/Clase_2_NumPy.ipynb,True,python3,python,3.11.4,False,ModuleNotFoundError,,,2.242,True,False,95a7f3b1f9ac62ca80dc4532e31f6b2acae5d7173bab619c4199d6157e7343c0,,80,0
hizocar/usm-course,main,docs/clases/Clase_4_Inferencia.ipynb,True,python3,python,3.13.3,False,ModuleNotFoundError,,,1.871,True,False,ac1c292cc77b53d9acf8959e5d07d38780f1076c0af15f8f050b124b56804908,,51,0
hizocar/usm-course,main,docs/clases/Clase_5_Test_de_Hipotesis.ipynb,True,python3,python,3.11.4,False,ModuleNotFoundError,,,2.243,True,False,0513b9be5b1c92f4ab7d319aec11cf28a577e86a02423dcf3c142adc3af30951,,14,0
hizocar/usm-course,main,docs/clases/Clase_6_Regresion_Lineal.ipynb,True,python3,python,3.13.3,False,ModuleNotFoundError,,,2.069,True,False,6b046d1bb1cca6499ba6b61fcc8e9a1d866d036e3eea78fc015359d94d6bce30,,66,0
hizocar/usm-course,main,docs/clases/Clase_6a_Polynomial_Under_Overfitting.ipynb,True,python3,python,3.11.4,False,ModuleNotFoundError,,,1.458,True,False,e0a4efd181c6e8a5bf16dc4c03fc12d9c5f4bfa29820799f906a71a07cf75056,,4,0
hizocar/usm-course,main,docs/clases/Clase_7_Resample_Methods_Cross_Validation.ipynb,True,python3,python,3.13.3,False,ModuleNotFoundError,,,1.293,True,False,80b1666580c4ee040bd8e54660fa5ac5dc2d306dfcfb0f88263daaf86da0f0d0,,33,0
hizocar/usm-course,main,docs/clases/Clase_8_Resampling_Methods_Bootstrapping.ipynb,True,python3,python,3.13.3,False,ModuleNotFoundError,,,1.295,True,False,bc73edabad94556277a2356e0736ff210ebbc3434776761c7dbad1ad7553907f,,10,0
iddl/diffusers,main,examples/research_projects/gligen/demo.ipynb,True,python3,python,3.11.9,False,ModuleNotFoundError,,,2.65,True,False,f7838c592991cd1e0c61128e870cabb47b50386d39124ec3d63755fe579ced34,,4,0
innocentmatutu/Machine-learning,main,Best_time_to_buy_sell_stock.ipynb,True,python3,python,,True,,,,3.644,True,True,20d447c659dc66fe7e6934ebf3a3be5bdc28187e32d4297bf364a613107cb30c,20d447c659dc66fe7e6934ebf3a3be5bdc28187e32d4297bf364a613107cb30c,1,1
innocentmatutu/Machine-learning,main,Remove_element.ipynb,True,python3,python,,True,,,,1.377,True,True,327bef6fd43189bcbdbca5d67c5896850d83f9b5580eb07eebdc6546dd6779ce,327bef6fd43189bcbdbca5d67c5896850d83f9b5580eb07eebdc6546dd6779ce,1,1
innocentmatutu/Machine-learning,main,Untitled7.ipynb,True,python3,python,,True,,,,1.234,True,True,bb9095acc02c9be27c2bf589e538505d89de27cb1f534d042dfeeb8de5bdf181,bb9095acc02c9be27c2bf589e538505d89de27cb1f534d042dfeeb8de5bdf181,1,1
innocentmatutu/Machine-learning,main,closest_to_zero.ipynb,True,python3,python,,True,,,,1.553,True,True,4abf36f0071c6a8cb75005f9f657c8002eb8a90f7b902c86ff7612187ef129af,4abf36f0071c6a8cb75005f9f657c8002eb8a90f7b902c86ff7612187ef129af,1,1
innocentmatutu/Machine-learning,main,contains_duplicates_hset.ipynb,True,python3,python,,True,,,,1.252,True,True,1fe02476009ea03b6c6918bdb8fbc19c4e378a2b9081ed9162b182784cb660c6,1fe02476009ea03b6c6918bdb8fbc19c4e378a2b9081ed9162b182784cb660c6,1,1
innocentmatutu/Machine-learning,main,day2.ipynb,True,python3,python,,True,,,,1.186,True,True,919cde7b00b973a64a735652ee6f1fb84ab2526269604b3831830c4944790111,919cde7b00b973a64a735652ee6f1fb84ab2526269604b3831830c4944790111,1,1
innocentmatutu/Machine-learning,main,is_subsequence.ipynb,True,python3,python,,True,,,,1.264,True,True,1fe02476009ea03b6c6918bdb8fbc19c4e378a2b9081ed9162b182784cb660c6,1fe02476009ea03b6c6918bdb8fbc19c4e378a2b9081ed9162b182784cb660c6,1,1
jasiElB20028/R9s0qhY,main,02_Convolutional_Neural_Network.ipynb,True,python3,python,3.6.10,False,ModuleNotFoundError,,,3.114,True,False,bb77d0c50d462af90fa961c762cfd1287a4cb06b02249b4961af9612daa69a6a,,34,0
jasiElB20028/R9s0qhY,main,Ch04_The_Preliminaries_A_Crashcourse/Data_Manipulation.ipynb,True,python3,python,3.6.8,False,ModuleNotFoundError,,,1.345,True,False,b4534e47ecf124b94ab9bbcb00a70b31e7c46eb4f77d9d0921fb4c9ba3169fa2,,30,0
jasiElB20028/R9s0qhY,main,Chatbot.ipynb,True,python3,python,3.7.3,False,ModuleNotFoundError,,,2.504,True,False,9924f340d51119b60847f96d24f34bfb4efc5da764f2675937b0fb3d983358b3,,4,0
jasiElB20028/R9s0qhY,main,Choco_Bar_Project.ipynb,True,python3,python,3.8.5,False,ModuleNotFoundError,,,1.507,True,False,d2b2b1faffcbe122cf7b9c03b25c8784550b432c7daf1a62b2de4784e7a0bdd2,,17,0
jasiElB20028/R9s0qhY,main,Completed_MLvSS2021_ImageAnalysis.ipynb,True,python3,python,3.8.5,False,ModuleNotFoundError,,,1.463,True,False,5bb7651d794ca3b0c1b9fd5d09f47b3fed73e9badaab3678456b28774c867992,,34,0
jasiElB20028/R9s0qhY,main,DataScience-Results-Analysis.ipynb,True,python3,python,3.12.2,False,FileNotFoundError,,,10.129,True,False,127ca5b4e377d3ef753f8946277da9b4b5c651b8b2f0a9a1f4df9b71eb34507b,,21,0
jasiElB20028/R9s0qhY,main,E-commerce/customer-segmentation-clustering-techniques.ipynb,True,python3,python,3.6.8,False,ModuleNotFoundError,,,1.761,True,False,58428680fd441c92df5fc312da19be30eb8833da3855c26c437b0acf2b46ec08,,27,0
jasiElB20028/R9s0qhY,main,Feature_Engineering_Commonlit_Readabality.ipynb,True,python3,python,3.7.10,False,ModuleNotFoundError,,,1.337,True,False,7e103b21e7cb4a115335113d1ce90139bd3be22c6e35282646cf6e59bb33bae0,,9,0
jasiElB20028/R9s0qhY,main,Final_version_2.1.ipynb,True,python3,python,3.11.0,False,FileNotFoundError,,,1.822,True,False,f7c1713e710e1b849230339b750069c11903b5d6736a6458620dfaaf28277796,,20,0
jasiElB20028/R9s0qhY,main,GA_DPSO.ipynb,True,python3,python,3.8.10,True,,,,1.789,True,False,0f2a1613803b54e2412c150c8bc9cf91d54490b91dd78faeff5b5230fb3cef30,1c043b6a637a81f232a9e06301ef32a3102552d11c45bd4799dd581cfd1e136b,28,12
jiancheng-an/jiancheng-an.github.io,master,markdown_generator/publications.ipynb,True,python3,python,3.6.1,False,ModuleNotFoundError,,,3.205,True,False,efd795a9ff9eff2d05daa9bb11c89b302a379ef1fa41e00367be3eb240114fe9,,4,0
jiancheng-an/jiancheng-an.github.io,master,markdown_generator/talks.ipynb,True,python3,python,3.6.1,False,ModuleNotFoundError,,,1.268,True,False,154a8074b939a8138fa3360a3f562547238169ac716f19751254f930715e1d85,,4,0
jiancheng-an/jiancheng-an.github.io,master,talkmap_out.ipynb,True,python3,python,3.9.21,False,ModuleNotFoundError,,,2.406,True,False,2b8e2a65ebc30ef2985600a15aa3f652ad2ac838d37df7b0d8e6aa1a7011ec96,,11,0
jjastrz14/ReNOS,main,notebooks/Splitting_factors_search_space.ipynb,True,python3,python,3.11.8,False,ModuleNotFoundError,,,2.512,True,False,9a4f5976d4c6caafa938051f8b23e513feab084b2ae5ef5fa554bcdd00e9ff5e,,9,0
jjastrz14/ReNOS,main,notebooks/convergence_plots.ipynb,True,python3,python,3.11.8,False,ModuleNotFoundError,,,1.329,True,False,c9f2e48963878320bf83590d945b5fde8f9d3e7ad813f881e7e43b603020ad43,,13,0
jjastrz14/ReNOS,main,notebooks/monte_carlo_convergence.ipynb,True,python3,python,3.11.8,False,ModuleNotFoundError,,,1.371,True,False,5a8a5e9a8c50a57d24e797d4f646d22bed0c1c94d6fd8c99610a510e06ba1919,,11,0
jjastrz14/ReNOS,main,notebooks/performance_comparison.ipynb,True,python3,python,3.11.8,False,ModuleNotFoundError,,,1.42,True,False,4e04457b706d75d0c342a0080d4009f4f4a9cf4404e1a3c4b851030cdaf0d115,,4,0
jjastrz14/ReNOS,main,notebooks/resources_imshow.ipynb,True,python3,python,3.11.8,False,ModuleNotFoundError,,,1.322,True,False,2de661fa87b6bc3a291631b9705a8391b70a59e22684975888901752f700d1a0,,10,0
jjastrz14/ReNOS,main,notebooks/spatial_strat_comparison.ipynb,True,python3,python,3.11.8,False,ModuleNotFoundError,,,1.308,True,False,890fc693a2b8c252a651624ccb84c8a314ac9407aaf819f13694cffc70a176d5,,8,0
juliusd01/Deep_Learning,main,Applications/Language_Modelling/01_micrograd.ipynb,True,python3,python,3.12.2,False,ModuleNotFoundError,,,5.093,True,False,c9bcf05aabf040b7c9b6a72bdad9c131f9704a503059178efbf4f81e125d1451,,11,0
juliusd01/Deep_Learning,main,Research/Forecasting_Stocks/Sign_Forecasting/sign-prediction-model/Garch_plus_LSTM.ipynb,True,python3,python,3.11.9,False,ModuleNotFoundError,,,12.393,True,False,32d0d53218e93e906c4d3a7464b9b1d507d87750204d8ff88458f8269898550a,,21,0
kp-forks/marimo,main,tests/_convert/ipynb_data/comments_preservation.ipynb,True,python3,python,3.12.11,False,UsageError,,,7.066,True,False,569fb7dcbe7ddc6840cb57c5991344596ee77bcfa4c0aafe86ca2c679a12b57b,,7,0
ligujie123/ligujie123.github.io,main,assets/jupyter/blog.ipynb,True,python3,python,3.6.2,True,,,,3.08,True,False,1911fde84433cc2e5615102753b6b32297e17547a9eef6fe1a94d2e930ce11a9,ff294596ab8b8756f7fcd329aae90e1a08144b28d3e2802a9769ef4c1e200712,1,1
lisaleemcb/alfred,main,notebooks/Emulator_Comparison.ipynb,True,python3,python,3.11.11,False,ModuleNotFoundError,,,4.981,True,False,45e80793854be75999b305c6ed4b046f83386db5ac6b00bbaa1685acc2433849,,48,0
lisaleemcb/alfred,main,notebooks/just_priors_debug.ipynb,True,python3,python,3.11.13,False,ModuleNotFoundError,,,1.721,True,False,1f4c17df0e0f9fa7ec724f9f502f73bac8294b1839f00cc68c4be61480352101,,24,0
lisaleemcb/alfred,main,notebooks/mcmc_analysis_biases.ipynb,True,python3,python,3.11.13,False,ModuleNotFoundError,,,2.801,True,False,27aba8499ac7592a77bcdff0d8d4ddd5dd4c769d59cf5de3ad504063a2e78071,,51,0
lisaleemcb/alfred,main,notebooks/mcmc_analysis_productionsruns.ipynb,True,python3,python,3.11.13,False,ModuleNotFoundError,,,4.599,True,False,4ae7c0838b8f807bea0098c3e74504eb6413ca37fc234971cf69d4705655bfee,,105,0
lisaleemcb/alfred,main,notebooks/ml_xe.ipynb,True,python3,python,3.11.13,False,ModuleNotFoundError,,,3.831,True,False,c0de2f815d35646f2c2457bca4d251bf4730fc94aea03d18d5472e362fe4f61d,,45,0
lisaleemcb/alfred,main,notebooks/ml_xe_debug.ipynb,True,python3,python,3.11.11,False,ModuleNotFoundError,,,2.398,True,False,dda62da6094928ea364cb8e2d22d3123d0d31b6d85a707841adc37c1b6b27f8c,,26,0
lisaleemcb/alfred,main,notebooks/paper_plots.ipynb,True,python3,python,3.11.13,False,ModuleNotFoundError,,,1.443,True,False,9504d6cd647543802cf2019c7b7ffa245bdf8f4b5e81efb2bc469cbb0770f0df,,108,0
mdujardin3007/betting_scrapping,main,test.ipynb,True,python3,python,3.9.7,False,FileNotFoundError,,,17.607,True,False,cc9b04a5903b885b6b20b29641c5895a9f38aaf6bcddb3158f5bc315c8e3ed8b,,1,0
mkhosla11/daily-pennsylvanian-basic-scraper,main,sandbox.ipynb,True,python3,python,3.9.18,False,ModuleNotFoundError,,,2.907,True,False,e89a93507fdadfd49845d9a7e7b3702cbb8a7d374a95c34cb26e5602bfe40975,,4,0
napo/parklogtrento,main,curiosity.ipynb,True,python3,python,3.12.7,False,ModuleNotFoundError,,,29.153,True,False,0dbfb0677538fea5c7e2265c5116024c8c73b18752b3a50399151978449a0334,,2,0
napo/parklogtrento,main,data4web.ipynb,True,python3,python,3.12.7,True,,,,8.516,True,False,0e0921d05a721a7fe57598c4d82a97eab53cf62487581561423c32e2c7612441,36569568dafc12a1f9b25fbaa61e072678570fa11e6f766fafa7a8971ddfc3fc,4,3
napo/parklogtrento,main,scrape.ipynb,True,python3,python,3.12.7,False,ValueError,,,4.94,True,False,75623c8f1fd221cfa901cdb1ffb9a054cf14c58ab37ed55ecda85e781a1fff8f,,1,0
napo/parklogtrento,main,viewdata.ipynb,True,python3,python,3.12.7,False,ImportError,,,4.529,True,False,b09959257895acb99a8d35413aa78c1d747c51a2eb3f097d86bf46c3186f3467,,8,0
nickknz/answer-squence-analysis,main,notebooks/test.ipynb,True,python3,python,3.8.10,False,ModuleNotFoundError,,,3.246,True,False,527818f6901260bf34e129b2f9e1436a66f2651cc38b3f0b2274107d641e045a,,25,0
rbstabbins/aupy,main,aupy_lib_dev_refl_cor.ipynb,True,python3,python,3.13.3,False,ModuleNotFoundError,,,3.225,True,False,a741e7edd5958a8b68fe8e33c0a0a5a316120daada0e7f15f5137e3c548cdfbb,,214,0
rbstabbins/aupy,main,ries_scene_complete_template.ipynb,True,python3,python,3.13.7,False,ModuleNotFoundError,,,1.688,True,False,6288ecdaee45b7148a0ac708959413724d31e7c84e091dfc0d3ec4e4dfe2e24c,,80,0
riyann00b/SDHub-DS,main,SDHub-DS/01 Python Foundation/02_Python_Basics_Code/Code JNs/JNB/01 Python-basic_Markdown.ipynb,True,python3,python,3.13.5,False,StdinNotImplementedError,,,3.503,False,,,,,0
rnambaa/text-gen-agent,main,notebooks/demo.ipynb,True,python3,python,3.12.1,False,ModuleNotFoundError,,,2.689,True,False,6be304ea64289b99b04396e5719b873e1de7e78033021380d589c82066e2359d,,6,0
rupeelab17/pymdu,main,Demo_PyMDU_Atelier.ipynb,True,python3,python,3.11.13,False,ModuleNotFoundError,,,2.519,True,False,1623e197f906904e2ddcf33b231956ac2e95f8e309c68c059d61d673557f0863,,79,0
rupeelab17/pymdu,main,docs/demo_data_inputs.ipynb,True,python3,python,3.11.8,False,ModuleNotFoundError,,,1.522,True,False,7d08794e5940100c97186a80d2cfcbc07a66326863a8e9f39cf843eb9953652c,,8,0
rupeelab17/pymdu,main,notebook4windows.ipynb,True,python3,python,3.11.13,False,ModuleNotFoundError,,,1.61,True,False,b6a8a5651a567cf5331f4a7867320694b5654a5f37e7b649fd8cc92f80c6d58b,,29,0
